Commit made at Sat Jul 20 01:32:10 UTC 2024
Commit made at Sat Jul 20 01:39:37 UTC 2024 with sticker: ğŸ™ Be thankful.
Commit made at Sat Jul 20 19:50:58 UTC 2024 with sticker: ğŸ¤¦â€â™‚ï¸ Mistakes are proof you are trying.
Commit made at Sun Jul 21 01:38:54 UTC 2024 with sticker: 😜 Be yourself, everyone else is taken.
Commit made at Mon Jul 22 01:36:20 UTC 2024 with sticker: 💪 Stay strong.
Commit made at Tue Jul 23 01:33:54 UTC 2024 with sticker: ğŸ‰ Celebrate every moment.
Commit made at Wed Jul 24 01:33:59 UTC 2024 with sticker: 😊 Keep smiling, it's contagious.
Commit made at Thu Jul 25 01:33:23 UTC 2024 with sticker: ğŸ˜ Follow your heart.
Commit made at Fri Jul 26 01:26:25 UTC 2024 with sticker: ğŸ™ Be thankful.
Commit made at Sat Jul 27 01:25:44 UTC 2024 with sticker: 👀 Keep an eye on your goals.
Commit made at Sun Jul 28 01:39:37 UTC 2024 with sticker: ğŸ‘ Well done!
